{"valid-loss-supervised": 1.3764866590499878, "valid-loss-consistency": 0.7832642197608948, "valid-loss": 1.0798753499984741, "valid-score": 0.7735000252723694, "epoch": 63, "trainer/global_step": 63, "_timestamp": 1685416892.933315, "_runtime": 678.5962150096893, "_step": 127, "train-loss-supervised": 1.0235036611557007, "train-loss-consistency": 0.5379732251167297, "train-loss": 0.7807384729385376, "train-score": 0.9800000190734863, "_wandb": {"runtime": 963}}