{"valid-loss-supervised": 1.3600316047668457, "valid-loss-consistency": 0.6977384686470032, "valid-loss": 1.028885006904602, "valid-score": 0.7414742708206177, "epoch": 35, "trainer/global_step": 215, "_timestamp": 1686107127.04408, "_runtime": 460.25392293930054, "_step": 71, "train-loss-supervised": 1.4493660926818848, "train-loss-consistency": 0.6603131294250488, "train-loss": 1.0548394918441772, "train-score": 0.719412088394165, "_wandb": {"runtime": 461}}