{"valid-loss-supervised": 0.7057996392250061, "valid-loss-consistency": 0.6168243885040283, "valid-loss": 0.6613119840621948, "valid-score": 0.9320999979972839, "epoch": 99, "trainer/global_step": 599, "_timestamp": 1685113482.079792, "_runtime": 1909.2577250003815, "_step": 199, "train-loss-supervised": 0.6896758079528809, "train-loss-consistency": 0.5945236086845398, "train-loss": 0.6420996785163879, "train-score": 0.9445000290870667, "_wandb": {"runtime": 1910}}