{"valid-loss-supervised": 0.6330977082252502, "valid-loss-consistency": 0.5576719045639038, "valid-loss": 0.5953848361968994, "valid-score": 0.9417999982833862, "epoch": 99, "trainer/global_step": 1199, "_timestamp": 1685419677.347355, "_runtime": 2216.847043991089, "_step": 199, "train-loss-supervised": 0.6107034683227539, "train-loss-consistency": 0.548879861831665, "train-loss": 0.5797916650772095, "train-score": 0.9509999752044678, "_wandb": {"runtime": 2218}}