{"valid-loss-supervised": 0.7109773755073547, "valid-loss-consistency": 0.6669749021530151, "valid-loss": 0.6889761090278625, "valid-score": 0.9311000108718872, "epoch": 87, "trainer/global_step": 527, "_timestamp": 1685115969.516972, "_runtime": 1572.621915102005, "_step": 175, "train-loss-supervised": 0.7509214878082275, "train-loss-consistency": 0.5909693837165833, "train-loss": 0.670945405960083, "train-score": 0.9411666393280029, "_wandb": {"runtime": 1574}}