{"valid-loss-supervised": 1.1080321073532104, "valid-loss-consistency": 0.6788407564163208, "valid-loss": 0.8934364318847656, "valid-score": 0.9024999737739563, "epoch": 99, "trainer/global_step": 99, "_timestamp": 1685417177.9347389, "_runtime": 963.594584941864, "_step": 199, "train-loss-supervised": 1.0902807712554932, "train-loss-consistency": 0.6346538662910461, "train-loss": 0.8624672889709473, "train-score": 0.9240000247955322, "_wandb": {"runtime": 963}}